country,sex,Total,5-9 (age bands),10-14 (age bands),15-19 (age bands),20-24 (age bands),25-29 (age bands),30-34 (age bands),35-39 (age bands),40-44 (age bands),45-49 (age bands),50-54 (age bands),55-59 (age bands),60-64 (age bands),65+ (age bands)
Albania,Total (Sex),0.55,NA,NA,0.177,0.522,0.716,0.764,0.785,0.804,0.81,0.752,0.632,0.396,0.09
Algeria,Total (Sex),0.432,NA,NA,0.124,0.421,0.62,0.604,0.567,0.571,0.543,0.5,0.376,0.094,0.057
American Samoa,Total (Sex),0.528,NA,NA,NA,NA,NA,NA,NA,NA,NA,NA,NA,NA,NA
Andorra,Total (Sex),0.485,NA,0.001,0.197,0.689,0.823,0.787,0.754,0.727,0.68,0.594,0.486,0.367,0.055
Anguilla,Total (Sex),0.529,NA,NA,0.448,0.868,0.905,0.902,0.905,0.888,0.85,0.795,0.663,0.276,NA
Antigua and Barbuda,Total (Sex),0.514,NA,NA,0.224,0.808,0.892,0.895,0.891,0.894,0.851,0.838,0.759,0.547,0.366
Argentina,Total (Sex),0.589,0,0.013,0.23,0.627,0.779,0.806,0.812,0.815,0.804,0.763,0.693,0.537,0.135
Armenia,Total (Sex),0.634,NA,NA,0.127,0.555,0.681,0.742,0.803,0.818,0.791,0.781,0.739,0.65,0.367
Aruba,Total (Sex),0.638,NA,0.006,0.36,0.672,0.855,0.883,0.893,0.892,0.847,0.824,0.6,0.398,0.074
Australia,Total (Sex),0.649,NA,NA,0.538,0.786,0.831,0.824,0.821,0.839,0.84,0.82,0.73,0.537,0.121
Austria,Total (Sex),0.615,NA,NA,0.413,0.751,0.873,0.886,0.901,0.909,0.901,0.859,0.662,0.236,0.052
Azerbaijan,Total (Sex),0.647,NA,NA,0.127,0.521,0.718,0.818,0.832,0.971,0.965,0.923,0.651,0.376,0.049
Bahamas,Total (Sex),0.727,NA,NA,NA,NA,NA,NA,NA,NA,NA,NA,NA,NA,NA
Bahrain,Total (Sex),0.71,NA,NA,0.05,0.632,0.845,0.839,0.837,0.818,0.767,0.735,0.664,0.484,0.24
Bangladesh,Total (Sex),0.593,NA,0.389,0.394,0.567,0.666,0.708,0.728,0.744,0.761,0.54,0.505,0.45,0.348
Barbados,Total (Sex),0.667,NA,NA,0.195,0.725,0.891,0.922,0.925,0.9,0.904,0.862,0.805,0.617,0.128
Belarus,Total (Sex),0.808,NA,NA,0.154,0.728,0.866,0.881,0.897,0.902,0.888,0.844,0.553,0.234,0.083
Belgium,Total (Sex),0.536,NA,NA,0.074,0.523,0.848,0.875,0.884,0.873,0.854,0.791,0.623,0.237,0.023
Belize,Total (Sex),0.654,NA,0.15,0.401,0.708,0.786,0.837,0.818,0.834,0.804,0.756,0.714,0.575,0.284
Benin,Total (Sex),0.753,NA,0.277,0.283,0.59,0.828,0.902,0.925,0.935,0.939,0.905,0.891,0.809,0.679
Bermuda,Total (Sex),0.761,NA,NA,0.165,0.454,0.727,0.917,0.995,0.886,0.883,0.825,0.775,0.648,0.278
Bhutan,Total (Sex),0.653,NA,NA,0.102,0.533,0.797,0.84,0.846,0.876,0.875,0.835,0.787,0.701,0.36
Bolivia (Plurinational State of),Total (Sex),0.651,NA,0.241,0.404,0.644,0.822,0.853,0.88,0.865,0.86,0.883,0.876,0.74,0.534
Bosnia and Herzegovina,Total (Sex),0.436,NA,NA,0.331,NA,0.686,NA,NA,NA,NA,0.406,NA,NA,0.055
Botswana,Total (Sex),0.591,NA,0.063,0.2,0.578,0.728,0.762,0.781,0.772,0.721,0.679,0.659,0.538,0.304
Brazil,Total (Sex),0.597,NA,0.054,0.409,0.75,0.816,0.83,0.836,0.821,0.787,0.722,0.616,0.46,0.194
Brunei Darussalam,Total (Sex),0.664,NA,NA,0.205,0.739,0.86,0.851,0.827,0.803,0.761,0.688,0.334,0.28,0.113
Bulgaria,Total (Sex),0.539,NA,NA,0.068,0.463,0.744,0.828,0.863,0.87,0.85,0.82,0.714,0.371,0.035
Burkina Faso,Total (Sex),0.873,NA,NA,0.624,0.704,0.769,0.803,0.814,0.816,0.813,0.795,0.763,0.697,0.533
Cambodia,Total (Sex),0.83,NA,0.054,0.598,0.832,0.911,0.928,0.93,0.933,0.875,0.901,0.753,0.793,0.545
Cameroon,Total (Sex),0.69,NA,0.359,0.509,0.635,0.841,0.905,0.922,0.923,0.938,0.91,0.85,0.797,0.615
Canada,Total (Sex),0.661,NA,NA,0.497,0.766,0.848,0.865,0.878,0.875,0.864,0.842,0.738,0.535,0.134
Cabo Verde,Total (Sex),0.591,NA,NA,NA,NA,NA,NA,NA,NA,NA,NA,NA,NA,NA
Cayman Islands,Total (Sex),0.83,NA,NA,0.256,0.782,0.936,0.936,0.964,0.961,0.944,0.954,0.841,0.77,0.312
Chile,Total (Sex),0.599,NA,NA,0.177,0.55,0.765,0.826,0.806,0.804,0.8,0.767,0.729,0.591,0.235
China,Total (Sex),0.707,NA,NA,NA,NA,NA,NA,NA,NA,NA,NA,NA,NA,NA
Colombia,Total (Sex),0.605,0.001,0.058,0.359,0.732,0.838,0.852,0.855,0.842,0.825,0.775,0.673,0.538,0.286
Congo,Total (Sex),0.531,NA,NA,0.091,0.32,0.615,0.732,0.81,0.795,0.771,0.771,0.702,0.369,0.29
Cook Islands,Total (Sex),0.71,NA,NA,0.456,0.882,0.882,0.891,0.864,0.837,0.822,0.772,0.625,0.346,0.142
Costa Rica,Total (Sex),0.598,NA,0.018,0.236,0.657,0.79,0.81,0.785,0.776,0.762,0.715,0.633,0.46,0.15
Côte d'Ivoire,Total (Sex),0.711,NA,NA,NA,NA,NA,NA,NA,NA,NA,NA,NA,NA,NA
Croatia,Total (Sex),0.508,NA,NA,0.118,0.475,0.803,0.891,0.859,0.805,0.788,0.708,0.552,0.272,0.039
Cuba,Total (Sex),0.761,NA,NA,0.155,0.652,0.699,0.756,0.776,0.788,0.745,0.755,0.603,0.243,0.061
Cyprus,Total (Sex),0.633,NA,NA,0.066,0.658,0.899,0.909,0.898,0.873,0.872,0.796,0.711,0.414,0.083
Czech Republic,Total (Sex),0.593,NA,NA,0.059,0.509,0.812,0.825,0.897,0.939,0.953,0.923,0.786,0.314,0.052
Denmark,Total (Sex),0.624,NA,0.016,0.523,0.708,0.809,0.884,0.893,0.903,0.886,0.868,0.825,0.468,0.064
Dominica,Total (Sex),NA,NA,NA,0.233,0.724,0.759,0.767,0.784,0.789,0.782,0.71,0.574,0.363,0.163
Dominican Republic,Total (Sex),0.562,NA,0.026,0.299,0.712,0.821,0.833,0.842,0.819,0.782,0.741,0.64,0.539,0.265
Ecuador,Total (Sex),0.541,NA,0.042,0.23,0.608,0.761,0.765,0.791,0.81,0.775,0.768,0.722,0.637,0.354
Egypt,Total (Sex),0.495,NA,0.007,0.199,0.5,0.628,0.625,0.628,0.636,0.639,0.59,0.566,0.305,0.13
El Salvador,Total (Sex),0.636,NA,0.111,0.365,0.623,0.74,0.784,0.809,0.799,0.78,0.729,0.684,0.6,0.325
Estonia,Total (Sex),0.613,NA,NA,0.095,0.613,0.825,0.851,0.895,0.91,0.907,0.875,0.796,0.528,0.107
Ethiopia,Total (Sex),0.798,NA,0.643,0.722,0.853,0.908,0.924,0.929,0.915,0.907,0.864,0.833,0.744,0.535
Faeroe Islands,Total (Sex),0.829,NA,NA,NA,NA,NA,NA,NA,NA,NA,NA,NA,NA,NA
Falkland Islands (Malvinas),Total (Sex),0.99,NA,NA,0.96,0.97,1,0.99,0.99,0.99,0.98,1,0.99,0.99,1
Fiji,Total (Sex),0.642,NA,0.095,0.235,0.588,0.671,0.678,0.68,0.671,0.649,0.594,0.508,0.382,0.331
Finland,Total (Sex),0.591,NA,NA,0.324,0.698,0.825,0.832,0.87,0.899,0.904,0.875,0.792,0.47,0.052
France,Total (Sex),0.565,NA,NA,0.147,0.602,0.865,0.885,0.898,0.899,0.895,0.858,0.73,0.247,0.023
French Guiana,Total (Sex),0.534,NA,NA,NA,NA,NA,NA,NA,NA,NA,NA,NA,NA,NA
French Polynesia,Total (Sex),0.564,NA,NA,0.194,0.662,0.774,0.782,0.774,0.759,0.741,0.62,0.444,0.185,0.078
Gabon,Total (Sex),0.487,NA,NA,0.073,0.301,0.562,0.756,0.799,0.784,0.757,0.685,0.517,0.293,0.219
Georgia,Total (Sex),0.662,NA,NA,0.172,0.584,0.75,0.788,0.81,0.86,0.86,0.827,0.806,0.734,0.422
Germany,Total (Sex),0.603,NA,NA,0.29,0.696,0.831,0.871,0.879,0.9,0.897,0.869,0.802,0.533,0.055
Ghana,Total (Sex),0.757,0.193,0.188,0.465,0.643,0.852,0.913,0.932,0.945,0.921,0.914,0.853,0.795,0.578
Gibraltar,Total (Sex),0.684,NA,NA,NA,NA,NA,NA,NA,NA,NA,NA,NA,NA,NA
Greece,Total (Sex),0.52,NA,NA,0.076,0.504,0.858,0.889,0.875,0.863,0.826,0.718,0.554,0.286,0.027
Guadeloupe,Total (Sex),0.527,NA,NA,NA,NA,NA,NA,NA,NA,NA,NA,NA,NA,NA
Guam,Total (Sex),0.416,NA,NA,NA,NA,NA,NA,NA,NA,NA,NA,NA,NA,NA
Guatemala,Total (Sex),0.522,0.021,0.132,0.396,0.65,0.695,0.69,0.735,0.715,0.69,0.681,0.623,0.573,0.368
Guinea,Total (Sex),0.678,NA,0.365,0.579,0.692,0.794,0.834,0.834,0.872,0.866,0.83,0.819,0.716,0.503
Guyana,Total (Sex),0.362,NA,NA,0.349,0.633,0.651,0.659,0.669,0.676,0.664,0.627,0.519,0.339,0.211
Haiti,Total (Sex),0.396,NA,NA,0.21,0.527,0.749,0.835,0.866,0.876,0.872,0.846,0.8,0.72,0.591
Honduras,Total (Sex),0.537,NA,0.137,0.419,0.639,0.702,0.732,0.746,0.762,0.741,0.722,0.681,0.611,0.404
"Hong Kong, China",Total (Sex),0.612,NA,NA,0.112,0.634,0.897,0.877,0.841,0.832,0.819,0.772,0.639,0.396,0.08
Hungary,Total (Sex),0.525,NA,NA,0.048,0.465,0.782,0.811,0.842,0.879,0.866,0.811,0.635,0.171,0.02
Iceland,Total (Sex),0.807,NA,NA,0.74,0.811,0.858,0.863,0.889,0.911,0.903,0.909,0.859,0.815,0.351
India,Total (Sex),0.52,0.014,0.028,0.235,0.509,0.639,0.672,0.698,0.716,0.717,0.677,0.623,0.494,0.289
Indonesia,Total (Sex),0.668,NA,NA,0.334,0.677,0.75,0.754,0.772,0.801,0.808,0.793,0.713,0.626,0.373
"Iran, Islamic Rep. of",Total (Sex),0.376,NA,0.023,0.156,0.422,0.552,0.564,0.561,0.541,0.504,0.419,0.34,0.279,0.155
Iraq,Total (Sex),0.77,NA,NA,NA,NA,NA,NA,NA,NA,NA,NA,NA,NA,NA
Ireland,Total (Sex),0.602,NA,NA,0.161,0.648,0.809,0.835,0.829,0.802,0.791,0.765,0.673,0.462,0.095
Isle of Man,Total (Sex),0.633,NA,NA,0.371,0.754,0.889,0.887,0.893,0.901,0.898,0.863,0.757,0.502,0.102
Israel,Total (Sex),0.637,NA,NA,0.298,0.711,0.783,0.836,0.841,0.832,0.82,0.784,0.743,0.603,0.18
Italy,Total (Sex),0.49,NA,NA,0.073,0.454,0.678,0.778,0.809,0.798,0.787,0.751,0.623,0.273,0.035
Jamaica,Total (Sex),0.619,NA,NA,0.098,0.632,0.808,NA,0.844,NA,0.834,NA,0.685,NA,0.286
Japan,Total (Sex),0.593,NA,NA,0.155,0.69,0.864,0.832,0.832,0.847,0.862,0.851,0.795,0.614,0.205
Jersey,Total (Sex),0.82,NA,NA,NA,NA,NA,NA,NA,NA,NA,NA,NA,NA,NA
Jordan,Total (Sex),0.371,NA,NA,0.087,0.406,0.577,0.637,0.604,0.437,0.494,0.401,0.186,0.176,0.048
Kazakhstan,Total (Sex),0.713,NA,NA,0.136,0.654,0.927,0.945,0.943,0.954,0.939,0.926,0.805,0.365,0.042
Kiribati,Total (Sex),0.593,NA,NA,0.308,NA,NA,NA,NA,NA,NA,0.498,NA,NA,NA
Republic of Korea,Total (Sex),0.615,NA,NA,0.077,0.476,0.741,0.756,0.751,0.792,0.809,0.776,0.707,0.585,0.314
Kosovo,Total (Sex),0.406,NA,NA,0.068,0.381,0.459,0.474,0.46,0.481,0.466,0.421,0.323,0.239,NA
Kuwait,Total (Sex),0.771,NA,NA,0.062,0.61,0.839,0.858,0.857,0.825,0.768,0.667,0.556,0.382,0.164
Kyrgyzstan,Total (Sex),0.625,NA,NA,0.292,0.636,0.751,0.778,0.825,0.818,0.809,0.746,0.592,0.326,0.092
Lao People's Democratic Republic,Total (Sex),0.666,NA,NA,NA,NA,NA,NA,NA,NA,NA,NA,NA,NA,NA
Latvia,Total (Sex),0.594,NA,NA,0.092,0.606,0.86,0.892,0.883,0.894,0.887,0.845,0.797,0.41,0.076
Lebanon,Total (Sex),0.327,NA,NA,0.161,0.452,0.65,0.635,0.559,0.523,0.54,0.483,0.455,0.356,0.236
Lesotho,Total (Sex),0.559,NA,0.049,0.298,0.622,0.806,0.842,0.843,0.842,0.832,0.826,0.742,0.718,0.44
Liberia,Total (Sex),0.59,NA,NA,0.247,0.428,0.628,0.731,0.762,0.794,0.809,0.761,0.701,0.617,0.486
Liechtenstein,Total (Sex),0.619,NA,NA,0.385,0.654,0.784,0.841,0.839,0.838,0.851,0.832,0.749,0.42,0.108
Lithuania,Total (Sex),0.58,NA,NA,0.051,0.541,0.893,0.913,0.909,0.911,0.898,0.853,0.77,0.408,0.053
Luxembourg,Total (Sex),0.594,NA,NA,0.113,0.41,0.832,0.918,0.908,0.892,0.876,0.819,0.568,0.247,0.039
"Macau, China",Total (Sex),0.727,NA,0.014,0.127,0.693,0.922,0.932,0.931,0.914,0.871,0.81,0.674,0.49,0.139
TFYR of Macedonia,Total (Sex),0.558,NA,NA,0.127,0.522,0.772,0.842,0.809,0.798,0.787,0.737,0.645,0.33,0.025
Madagascar,Total (Sex),0.749,0.137,0.303,0.693,0.866,0.932,0.955,0.964,0.973,0.958,0.942,0.922,0.833,0.622
Malaysia,Total (Sex),0.67,NA,NA,0.181,0.633,0.836,0.839,0.828,0.808,0.789,0.742,0.593,0.414,NA
Maldives,Total (Sex),0.431,NA,0.013,0.352,0.73,0.748,0.754,0.754,0.753,0.762,0.742,0.715,0.629,0.419
Mali,Total (Sex),0.601,NA,0.379,0.547,0.584,0.66,0.705,0.756,0.736,0.752,0.803,0.734,0.62,0.412
Malta,Total (Sex),0.531,NA,NA,0.261,0.754,0.883,0.835,0.817,0.759,0.731,0.646,0.558,0.207,0.042
Marshall Islands,Total (Sex),0.413,NA,NA,NA,NA,NA,NA,NA,NA,NA,NA,NA,NA,NA
Martinique,Total (Sex),0.531,NA,NA,0.065,0.511,0.771,0.804,0.787,0.834,0.819,0.746,0.562,0.245,0.028
Mauritania,Total (Sex),0.443,NA,0.22,0.165,0.343,0.501,0.548,0.6,0.603,0.622,0.572,0.583,0.456,NA
Mauritius,Total (Sex),0.597,NA,0.027,0.192,0.643,0.8,0.785,0.787,0.791,0.75,0.672,0.603,0.309,0.092
Mexico,Total (Sex),0.605,NA,0.13,0.329,0.618,0.738,0.751,0.754,0.756,0.732,0.694,0.625,0.496,0.269
Republic of Moldova,Total (Sex),0.414,NA,NA,0.091,0.294,0.471,0.522,0.602,0.607,0.613,0.616,0.505,0.282,0.069
Monaco,Total (Sex),0.397,NA,NA,0.034,0.322,0.745,0.782,0.764,0.746,0.726,0.651,0.546,0.297,0.122
Mongolia,Total (Sex),0.619,NA,0.001,0.137,0.532,0.78,0.807,0.841,0.851,0.84,0.721,0.485,0.245,0.094
Montenegro,Total (Sex),0.501,NA,NA,0.134,0.527,0.704,0.786,0.843,0.842,0.731,0.673,0.423,0.172,0.048
Morocco,Total (Sex),0.485,NA,0.021,0.219,0.473,0.602,0.613,0.612,0.616,0.605,0.588,0.537,0.349,0.184
Mozambique,Total (Sex),0.798,NA,NA,0.646,0.803,0.848,0.854,0.878,0.862,0.854,0.844,0.817,0.813,0.719
Namibia,Total (Sex),0.709,NA,NA,0.201,0.71,0.901,0.93,0.927,0.932,0.893,0.836,0.804,0.561,0.421
Nauru,Total (Sex),0.64,NA,NA,0.678,0.84,0.862,0.843,0.863,0.84,0.785,0.689,0.632,0.356,0.175
Nepal,Total (Sex),0.811,NA,0.288,0.619,0.783,0.862,0.916,0.947,0.936,0.928,0.897,0.875,0.657,0.573
Netherlands,Total (Sex),0.652,NA,NA,0.609,0.786,0.88,0.892,0.889,0.876,0.872,0.845,0.767,0.506,0.069
Netherlands Antilles,Total (Sex),0.579,NA,NA,0.12,0.563,0.782,0.89,0.874,0.863,0.862,0.82,0.7,0.313,0.081
New Caledonia,Total (Sex),0.673,NA,NA,NA,NA,NA,NA,NA,NA,NA,NA,NA,NA,NA
New Zealand,Total (Sex),0.684,NA,NA,0.436,0.742,0.828,0.83,0.835,0.856,0.868,0.875,0.834,0.709,0.206
Nicaragua,Total (Sex),0.757,NA,0.114,0.354,0.622,0.714,0.773,0.755,0.76,0.753,0.691,0.655,0.511,0.437
Niger,Total (Sex),0.368,NA,0.377,0.502,0.586,0.646,0.673,0.721,0.735,0.702,0.701,0.628,0.645,0.578
Nigeria,Total (Sex),0.728,NA,NA,NA,NA,NA,NA,NA,NA,NA,NA,NA,NA,NA
Niue,Total (Sex),0.532,NA,NA,0.294,0.89,0.904,0.915,0.874,0.973,0.903,0.88,0.854,0.742,0.473
Norfolk Island,Total (Sex),0.601,NA,NA,NA,NA,NA,NA,NA,NA,NA,NA,NA,NA,NA
Northern Mariana Islands,Total (Sex),0.723,NA,NA,0.301,0.86,0.916,0.898,0.906,0.814,0.863,0.786,0.658,0.599,0.565
Norway,Total (Sex),0.711,NA,NA,0.408,0.725,0.833,0.87,0.886,0.885,0.869,0.85,0.795,0.637,0.184
Oman,Total (Sex),0.497,NA,0.001,0,0.301,0.686,0.709,0.8,0.575,0.659,0.553,0.521,0.308,0.002
Pakistan,Total (Sex),0.457,NA,0.114,0.358,0.531,0.578,0.602,0.625,0.635,0.64,0.647,0.625,0.497,0.275
Palau,Total (Sex),0.724,NA,NA,NA,NA,NA,NA,NA,NA,NA,NA,NA,NA,NA
Panama,Total (Sex),0.641,NA,NA,0.292,0.693,0.79,0.824,0.808,0.812,0.798,0.732,0.651,0.352,0.185
Papua New Guinea,Total (Sex),0.465,NA,0.25,0.497,0.703,0.783,0.814,0.831,0.833,0.833,0.801,0.773,0.696,0.635
Paraguay,Total (Sex),0.626,NA,0.116,0.437,0.763,0.842,0.863,0.855,0.846,0.831,0.796,0.715,0.609,0.368
Peru,Total (Sex),0.739,NA,0.323,0.507,0.725,0.838,0.867,0.877,0.881,0.874,0.841,0.778,0.703,0.457
Philippines,Total (Sex),0.641,NA,NA,0.313,0.648,0.737,0.747,0.779,0.794,0.803,0.776,0.73,0.61,0.378
Poland,Total (Sex),0.559,NA,NA,0.067,0.557,0.844,0.86,0.878,0.878,0.844,0.769,0.601,0.259,0.047
Portugal,Total (Sex),0.593,NA,NA,0.123,0.57,0.87,0.924,0.911,0.892,0.872,0.823,0.669,0.41,0.134
Puerto Rico,Total (Sex),0.304,NA,NA,0.128,0.486,0.715,0.724,0.706,0.648,0.601,0.513,0.331,0.216,0.074
Qatar,Total (Sex),0.872,NA,NA,0.186,0.847,0.934,0.934,0.917,0.915,0.901,0.855,0.866,0.723,0.282
Réunion,Total (Sex),0.549,NA,NA,NA,NA,NA,NA,NA,NA,NA,NA,NA,NA,NA
Romania,Total (Sex),0.551,NA,0,0.112,0.458,0.758,0.809,0.83,0.834,0.82,0.731,0.553,0.293,0.113
Russian Federation,Total (Sex),0.685,NA,NA,0.09,0.601,0.873,0.892,0.915,0.924,0.915,0.856,0.639,0.31,0.113
Rwanda,Total (Sex),0.736,NA,NA,0.358,0.673,0.849,0.889,0.895,0.894,0.888,0.87,0.838,0.765,NA
Saint Lucia,Total (Sex),0.692,NA,NA,0.369,0.869,0.878,0.826,0.88,0.816,0.81,0.722,0.523,0.405,0.283
Samoa,Total (Sex),0.322,NA,NA,0.115,0.36,0.419,0.42,0.416,0.421,0.428,0.372,0.292,0.246,0.126
San Marino,Total (Sex),0.662,NA,NA,NA,NA,NA,NA,NA,NA,NA,NA,NA,NA,NA
Sao Tome and Principe ,Total (Sex),0.351,NA,NA,NA,NA,NA,NA,NA,NA,NA,NA,NA,NA,NA
Saudi Arabia,Total (Sex),0.54,NA,NA,0.027,0.334,0.655,0.726,0.73,0.721,0.699,0.622,0.522,0.357,0.179
Senegal,Total (Sex),0.55,NA,0.367,0.351,0.478,0.605,0.68,0.718,0.743,0.742,0.71,0.653,0.488,0.259
Serbia,Total (Sex),0.484,NA,NA,0.109,0.449,0.756,0.824,0.873,0.842,0.818,0.743,0.541,0.273,0.076
Serbia and Montenegro,Total (Sex),NA,NA,NA,0.386,NA,0.845,NA,0.886,NA,0.822,NA,0.44,NA,0.207
Seychelles,Total (Sex),0.65,NA,NA,0.285,0.79,0.836,0.831,0.846,0.845,0.836,0.791,0.611,0.427,0.064
Sierra Leone,Total (Sex),0.605,NA,0.066,0.289,0.446,0.577,0.855,0.876,0.882,0.884,0.861,0.838,0.779,0.394
Singapore,Total (Sex),0.667,NA,NA,0.118,0.617,0.885,0.901,0.88,0.857,0.845,0.8,0.732,0.597,0.238
Slovakia,Total (Sex),0.593,NA,NA,0.061,0.509,0.822,0.832,0.888,0.922,0.909,0.871,0.735,0.218,0.017
Slovenia,Total (Sex),0.572,NA,NA,0.123,0.515,0.856,0.931,0.939,0.939,0.916,0.854,0.514,0.177,0.05
Solomon Islands,Total (Sex),0.629,NA,NA,NA,NA,NA,NA,NA,NA,NA,NA,NA,NA,NA
South Africa,Total (Sex),0.568,NA,NA,0.057,0.464,0.702,0.756,0.777,0.777,0.731,0.662,0.544,0.268,NA
Spain,Total (Sex),0.594,NA,NA,0.133,0.598,0.87,0.908,0.904,0.881,0.855,0.802,0.684,0.377,0.018
Sri Lanka,Total (Sex),0.542,NA,0.007,0.174,0.558,0.66,0.69,0.673,0.538,0.682,0.644,0.574,0.427,0.209
"Sudan, The Republic of",Total (Sex),0.48,NA,NA,0.3,NA,0.54,NA,0.61,NA,0.64,NA,0.59,NA,0.38
Suriname,Total (Sex),0.62,NA,NA,0.094,0.518,0.749,0.825,0.832,0.767,0.759,0.713,0.641,0.184,NA
Sweden,Total (Sex),0.715,NA,NA,0.332,0.723,0.856,0.903,0.936,0.935,0.923,0.9,0.86,0.69,0.148
Switzerland,Total (Sex),0.683,NA,NA,0.56,0.78,0.888,0.903,0.899,0.905,0.912,0.894,0.849,0.615,0.108
Syrian Arab Republic,Total (Sex),0.434,NA,0.076,0.222,0.453,0.546,0.563,0.566,0.563,0.541,0.496,0.448,0.295,0.201
"Taiwan, China",Total (Sex),0.584,NA,NA,0.081,0.527,0.925,0.867,0.841,0.84,0.796,0.683,0.532,0.334,0.083
Tajikistan,Total (Sex),0.301,NA,NA,0.58,0.51,0.697,0.771,0.795,0.825,0.735,0.722,0.491,0.486,0.243
Tanzania (Tanganyika),Total (Sex),NA,NA,0.483,0.733,0.922,0.949,0.966,0.966,0.964,0.963,0.945,0.943,0.885,0.798
United Republic of Tanzania,Total (Sex),0.78,NA,NA,0.581,0.731,0.842,0.902,0.902,0.914,0.925,0.893,0.87,0.856,0.616
Thailand,Total (Sex),0.716,NA,0.079,0.228,0.672,0.868,0.884,0.917,0.908,0.891,0.849,0.795,0.604,0.272
Timor-Leste,Total (Sex),0.418,NA,NA,0.059,0.247,0.484,0.588,0.625,0.661,0.667,0.611,0.64,0.436,0.265
Tonga,Total (Sex),0.403,NA,NA,NA,NA,NA,NA,NA,NA,NA,NA,NA,NA,NA
Trinidad and Tobago,Total (Sex),0.613,NA,NA,0.184,0.727,0.833,0.839,0.869,0.844,0.797,0.74,0.669,0.305,0.07
Tunisia,Total (Sex),0.474,NA,NA,0.224,0.468,0.676,0.661,0.625,0.611,0.585,0.526,0.408,0.188,0.086
Turkey,Total (Sex),0.503,NA,0.122,0.257,0.541,0.659,0.676,0.683,0.674,0.613,0.48,0.37,0.278,0.124
Turks and Caicos Islands,Total (Sex),0.806,NA,NA,NA,NA,NA,NA,NA,NA,NA,NA,NA,NA,NA
Tuvalu,Total (Sex),0.362,NA,NA,NA,NA,NA,NA,NA,NA,NA,NA,NA,NA,NA
Uganda,Total (Sex),0.527,NA,0.194,0.497,0.847,0.936,0.964,0.962,0.971,0.952,0.933,0.904,0.867,0.639
Ukraine,Total (Sex),0.65,NA,NA,0.115,0.601,0.808,0.839,0.866,0.87,0.846,0.785,0.543,0.28,0.18
United Arab Emirates,Total (Sex),0.724,NA,NA,0.082,0.664,0.834,0.852,0.833,0.814,0.779,0.747,0.692,0.502,0.233
United Kingdom of Great Britain and Northern Ireland,Total (Sex),0.628,NA,NA,0.382,0.761,0.849,0.862,0.859,0.864,0.868,0.846,0.76,0.487,0.098
United States,Total (Sex),0.629,NA,NA,0.34,0.708,0.805,0.819,0.821,0.822,0.811,0.782,0.714,0.558,0.186
Uruguay,Total (Sex),0.636,NA,NA,0.272,0.767,0.865,0.883,0.888,0.887,0.865,0.835,0.753,0.528,0.154
Uzbekistan,Total (Sex),0.408,NA,NA,NA,NA,NA,NA,NA,NA,NA,NA,NA,NA,NA
Vanuatu,Total (Sex),0.698,NA,NA,NA,NA,NA,NA,NA,NA,NA,NA,NA,NA,NA
Venezuela (Bolivarian Republic of),Total (Sex),0.643,NA,0.034,0.237,0.586,0.781,0.83,0.846,0.844,0.817,0.765,0.652,0.51,0.262
Viet Nam,Total (Sex),0.775,NA,NA,0.39,0.789,0.93,0.944,0.948,0.946,0.933,0.894,0.806,0.651,0.289
West Bank and Gaza Strip,Total (Sex),0.365,NA,0.017,0.167,0.436,0.597,0.599,0.594,0.585,0.55,0.499,0.415,0.201,0.088
Yemen,Total (Sex),0.422,NA,NA,NA,NA,NA,NA,NA,NA,NA,NA,NA,NA,NA
Zambia,Total (Sex),0.746,NA,NA,0.448,0.724,0.85,0.887,0.907,0.921,0.906,0.903,0.833,0.818,0.611
Zimbabwe,Total (Sex),0.668,NA,NA,0.322,0.672,0.772,0.809,0.831,0.845,0.826,0.78,0.763,0.7,0.474
Albania,Male (Sex),0.647,NA,NA,0.203,0.618,0.841,0.903,0.913,0.934,0.914,0.874,0.828,0.622,0.123
Algeria,Male (Sex),0.695,NA,NA,0.226,0.655,0.9,0.94,0.936,0.946,0.938,0.849,0.644,0.17,0.101
American Samoa,Male (Sex),0.588,NA,NA,NA,NA,NA,NA,NA,NA,NA,NA,NA,NA,NA
Andorra,Male (Sex),0.494,NA,NA,NA,NA,NA,NA,NA,NA,NA,NA,NA,NA,NA
Anguilla,Male (Sex),NA,NA,NA,0.572,0.478,0.941,0.943,0.939,0.947,0.925,0.929,0.864,0.783,NA
Antigua and Barbuda,Male (Sex),0.547,NA,NA,0.865,0.948,0.953,0.959,0.944,0.896,0.918,0.866,0.689,0.481,NA
Argentina,Male (Sex),0.75,0.757,NA,0.235,0.722,0.018,0.294,0.747,0.918,0.957,0.958,0.973,0.946,0.914
Armenia,Male (Sex),0.91,NA,NA,0.873,0.395,0.847,0.908,0.501,0.347,0.728,0.122,0.907,0.867,0.902
Aruba,Male (Sex),0.006,NA,NA,0.774,0.892,0.951,0.939,0.922,0.916,0.898,NA,0.524,0.13,0.425
Australia,Male (Sex),0.169,NA,NA,0.714,0.517,0.816,0.898,0.924,0.914,0.906,0.893,0.872,0.808,0.625
Austria,Male (Sex),0.57,NA,NA,0.465,0.777,0.894,0.943,0.945,0.948,0.929,0.904,0.764,0.329,0.076
Azerbaijan,Male (Sex),0.68,NA,NA,0.127,0.536,0.759,0.86,0.916,0.994,0.984,0.969,0.71,0.375,0.071
Bahamas,Male (Sex),NA,NA,NA,NA,NA,NA,NA,NA,NA,NA,NA,NA,NA,NA
Bahrain,Male (Sex),0.247,NA,NA,0.873,0.075,0.77,0.951,0.968,0.975,0.968,0.946,0.926,0.86,0.678
Bangladesh,Male (Sex),0.772,NA,NA,0.825,0.433,0.484,0.759,0.922,0.973,0.983,0.98,0.974,0.941,0.885
Barbados,Male (Sex),0.181,NA,NA,0.72,0.225,0.788,0.912,0.923,0.935,0.935,0.956,0.913,0.832,0.678
Belarus,Male (Sex),NA,NA,NA,0.185,0.797,0.912,0.906,0.899,0.892,0.87,0.843,0.754,0.317,0.123
Belgium,Male (Sex),0.597,NA,NA,0.086,0.566,0.892,0.93,0.934,0.921,0.908,0.868,0.695,0.29,0.036
Belize,Male (Sex),0.794,NA,0.404,0.235,0.488,0.874,0.98,0.962,0.98,0.983,0.949,0.935,0.882,0.755
Benin,Male (Sex),0.601,NA,0.253,0.761,0.268,0.54,0.879,0.963,0.977,0.985,0.982,0.942,0.905,0.839
Bermuda,Male (Sex),0.8,NA,NA,0.158,0.441,0.75,0.976,1.145,0.991,0.878,0.839,0.774,0.71,NA
Bhutan,Male (Sex),0.721,NA,NA,0.106,0.529,0.868,0.96,0.965,0.968,0.95,0.917,0.861,0.792,0.402
Bolivia,Male (Sex),0.888,NA,NA,0.732,0.259,0.432,0.734,0.955,0.968,0.98,0.981,0.982,0.976,0.683
Bosnia and Herzegovina,Male (Sex),NA,NA,NA,0.553,NA,0.852,NA,NA,NA,NA,NA,NA,NA,NA
Botswana,Male (Sex),0.84,NA,0.795,0.83,0.198,0.805,0.839,0.874,0.663,0.224,0.641,0.798,0.837,0.838
Brazil,Male (Sex),0.701,NA,0.119,0.069,0.477,0.848,0.922,0.939,0.948,0.936,0.91,0.867,0.787,0.632
Brunei Darussalam,Male (Sex),0.757,NA,NA,0.225,0.824,0.961,0.966,0.962,0.955,0.93,0.898,0.489,0.455,0.196
Bulgaria,Male (Sex),0.054,NA,NA,0.088,0.53,0.807,0.886,0.888,0.887,0.852,0.816,0.636,0.712,0.482
Burkina Faso,Male (Sex),0.899,NA,NA,0.694,0.832,0.928,0.966,0.973,0.972,0.967,0.955,0.916,0.871,0.71
Cambodia,Male (Sex),0.887,NA,NA,0.624,0.869,0.974,0.917,0.953,0.785,0.721,0.68,0.725,0.396,0.788
Cameroon,Male (Sex),0.822,NA,0.675,0.741,0.384,0.523,0.717,0.93,0.973,0.983,0.991,0.985,0.939,0.883
Canada,Male (Sex),0.182,NA,NA,0.707,0.48,0.78,0.885,0.915,0.927,0.92,0.905,0.876,0.784,0.597
Cape Verde,Male (Sex),NA,NA,NA,NA,NA,NA,NA,NA,NA,NA,NA,NA,NA,NA
Cayman Islands,Male (Sex),0.856,NA,NA,0.754,0.989,0.956,0.98,0.981,0.98,0.96,0.887,0.747,0.407,NA
Chile,Male (Sex),0.429,NA,NA,0.196,0.631,0.854,0.934,0.936,0.944,0.94,0.934,0.896,0.817,0.72
Colombia,Male (Sex),0.98,NA,NA,0.969,0.966,0.94,0.878,0.714,0.001,0.078,0.43,0.856,0.959,0.973
Congo,Male (Sex),0.217,NA,NA,0.908,NA,0.947,NA,0.915,NA,0.722,0.643,0.099,0.408,0.782
Cook Islands,Male (Sex),NA,NA,NA,0.925,0.934,0.959,0.949,0.943,0.942,0.886,0.729,0.395,0.2,NA
Costa Rica,Male (Sex),0.025,NA,NA,0.315,0.781,0.926,0.959,0.96,0.962,0.949,0.909,0.86,0.697,0.757
Croatia,Male (Sex),0.058,NA,NA,0.577,0.13,0.559,0.853,0.938,0.893,0.831,0.815,0.753,0.647,0.353
Cuba,Male (Sex),0.9,NA,NA,0.735,0.795,0.874,0.909,0.924,0.91,0.962,0.942,0.386,0.106,NA
Cyprus,Male (Sex),0.074,NA,NA,0.677,0.916,0.96,0.963,0.957,0.938,0.909,0.857,0.56,0.133,0.702
Czech Republic,Male (Sex),0.594,NA,NA,0.918,0.972,0.976,0.971,0.961,0.943,0.871,0.448,0.071,0.681,0.07
Denmark,Male (Sex),0.719,NA,NA,0.845,0.923,0.923,0.927,0.903,0.884,0.857,0.538,0.097,0.662,0.5
Dominica,Male (Sex),NA,NA,NA,0.797,0.874,0.895,0.91,0.909,0.9,0.846,0.761,0.529,0.258,NA
Dominican Republic,Male (Sex),0.042,NA,0.42,0.817,0.944,0.954,0.969,0.958,0.938,0.922,0.876,0.777,0.425,0.679
Ecuador,Male (Sex),0.494,NA,NA,0.046,0.298,0.746,0.952,0.961,0.978,0.984,0.968,0.946,0.909,0.665
Egypt,Male (Sex),0.222,NA,0.75,0.01,0.304,0.687,0.965,0.981,0.985,0.979,0.966,0.922,0.864,0.517
El Salvador,Male (Sex),NA,NA,0.532,0.494,0.802,0.927,0.964,0.971,0.972,0.96,0.945,0.911,0.802,0.5
Estonia,Male (Sex),0.684,NA,NA,0.646,0.92,0.955,0.964,0.922,0.883,0.891,0.787,0.534,0.133,0.146
Ethiopia,Male (Sex),0.893,NA,NA,0.963,0.979,0.984,0.985,0.978,0.965,0.94,0.888,0.85,0.672,0.751
Faeroe Islands,Male (Sex),NA,NA,NA,NA,NA,NA,NA,NA,NA,NA,NA,NA,NA,NA
Falkland Islands (Malvinas),Male (Sex),1,NA,NA,0.99,1,1,1,0.98,0.98,0.99,0.98,0.99,0.98,1
Fiji,Male (Sex),NA,NA,NA,NA,NA,NA,NA,NA,NA,NA,NA,NA,NA,NA
Finland,Male (Sex),0.476,NA,NA,0.519,0.63,0.277,0.711,0.879,0.909,0.928,0.917,0.906,0.87,0.762
France,Male (Sex),0.616,NA,NA,0.174,0.648,0.919,0.949,0.951,0.944,0.932,0.905,0.776,0.264,0.031
French Guiana,Male (Sex),0.665,NA,NA,NA,NA,NA,NA,NA,NA,NA,NA,NA,NA,NA
French Polynesia,Male (Sex),NA,NA,NA,0.248,0.759,0.872,0.895,0.891,0.884,0.863,0.744,0.535,0.231,0.111
Gabon,Male (Sex),0.582,NA,NA,0.077,0.364,0.681,0.875,0.882,0.914,0.868,0.83,0.634,0.406,0.27
Georgia,Male (Sex),0.773,NA,NA,0.23,0.766,0.908,0.942,0.932,0.923,0.938,0.904,0.872,0.844,0.516
Germany,Male (Sex),0.663,NA,NA,0.311,0.716,0.87,0.938,0.95,0.95,0.938,0.914,0.858,0.617,0.077
Ghana,Male (Sex),0.617,NA,NA,0.198,0.472,0.289,0.872,0.948,0.958,0.945,0.928,0.392,0.89,0.825
Gibraltar,Male (Sex),NA,NA,NA,NA,NA,NA,NA,NA,NA,NA,NA,NA,NA,NA
Greece,Male (Sex),0.717,NA,NA,0.372,0.043,0.609,0.088,0.552,0.899,0.963,0.965,0.962,0.933,0.881
Guadeloupe,Male (Sex),0.692,NA,NA,NA,NA,NA,NA,NA,NA,NA,NA,NA,NA,NA
Guam,Male (Sex),NA,NA,NA,NA,NA,NA,NA,NA,NA,NA,NA,NA,NA,NA
Guatemala,Male (Sex),0.942,0.921,0.852,0.588,0.707,0.029,0.179,0.544,0.878,0.943,0.972,0.969,0.955,0.94
Guinea,Male (Sex),0.928,NA,NA,0.677,0.736,0.362,0.551,0.736,0.893,0.951,0.909,0.975,0.976,0.932
Guyana,Male (Sex),0.519,NA,NA,0.331,0.502,0.47,0.863,0.918,0.927,0.926,0.926,0.91,0.872,0.765
Haiti,Male (Sex),0.823,NA,NA,NA,0.423,0.232,0.572,0.824,0.898,0.931,0.935,0.926,0.911,0.886
Honduras,Male (Sex),0.721,NA,0.859,0.916,0.958,0.955,0.959,0.973,0.953,0.932,0.868,0.592,NA,NA
"Hong Kong, China",Male (Sex),0.625,NA,NA,0.969,0.968,0.959,0.952,0.919,0.813,0.554,0.132,0.67,0.691,0.11
Hungary,Male (Sex),0.868,NA,NA,0.93,0.932,0.916,0.875,0.821,0.723,0.237,0.031,0.607,0.057,0.518
Iceland,Male (Sex),0.908,NA,NA,0.911,0.946,0.939,0.932,0.928,0.865,0.422,0.837,0.673,0.806,0.898
India,Male (Sex),0.959,NA,NA,0.99,0.991,0.988,0.985,0.96,0.915,0.734,0.759,0.031,0.311,0.747
Indonesia,Male (Sex),0.951,NA,NA,0.972,0.978,0.98,0.977,0.96,0.883,0.794,0.534,0.834,0.392,0.831
"Iran, Islamic Rep. of",Male (Sex),0.859,NA,0.935,0.944,0.921,0.851,0.731,0.599,0.48,0.274,0.63,0.031,0.242,0.655
Iraq,Male (Sex),NA,NA,NA,NA,NA,NA,NA,NA,NA,NA,NA,NA,NA,NA
Ireland,Male (Sex),0.849,NA,NA,0.906,0.898,0.863,0.771,0.575,0.149,0.567,0.546,0.677,0.159,0.673
Isle of Man,Male (Sex),NA,NA,NA,0.932,0.943,0.95,0.946,0.934,0.914,0.818,0.634,0.693,0.383,0.789
Israel,Male (Sex),0.737,NA,NA,0.882,0.907,0.888,0.87,0.839,0.817,0.711,0.266,NA,0.694,0.303
Italy,Male (Sex),0.749,NA,NA,0.911,0.917,0.913,0.89,0.756,0.365,0.062,NA,0.589,0.085,0.513
Jamaica,Male (Sex),0.919,NA,NA,0.906,0.808,0.437,NA,NA,NA,NA,NA,0.118,NA,0.894
Japan,Male (Sex),0.953,NA,NA,0.927,0.76,0.294,0.705,0.155,0.677,0.938,0.956,0.965,0.963,0.962
Jersey,Male (Sex),NA,NA,NA,NA,NA,NA,NA,NA,NA,NA,NA,NA,NA,NA
Jordan,Male (Sex),0.703,NA,NA,0.285,0.746,0.938,0.954,0.604,0.16,0.601,0.924,0.766,0.365,0.048
Kazakhstan,Male (Sex),0.773,NA,NA,0.152,0.71,0.959,0.976,0.966,0.973,0.956,0.947,0.908,0.595,0.065
Kiribati,Male (Sex),0.668,NA,NA,0.313,NA,NA,NA,NA,NA,NA,NA,NA,NA,NA
Republic of Korea,Male (Sex),0.942,NA,NA,0.941,0.935,0.732,0.855,0.066,0.426,0.421,0.384,0.763,0.926,0.923
Kosovo,Male (Sex),0.515,NA,NA,0.641,0.709,0.731,0.744,0.758,0.662,0.539,0.446,0.602,NA,NA
Kuwait,Male (Sex),0.978,NA,NA,0.954,0.937,0.862,0.783,0.6,0.288,NA,0.972,0.872,0.879,0.097
Kyrgyzstan,Male (Sex),NA,NA,NA,0.962,0.934,0.924,0.864,0.774,0.48,0.764,0.367,0.785,0.924,0.955
Lao People's Democratic Republic,Male (Sex),NA,NA,NA,NA,NA,NA,NA,NA,NA,NA,NA,NA,NA,NA
Latvia,Male (Sex),0.923,NA,NA,0.944,0.919,0.911,0.894,0.846,0.789,0.427,0.107,0.661,0.096,0.658
Lebanon,Male (Sex),0.888,NA,NA,0.948,0.902,0.919,0.838,0.813,0.634,0.447,NA,0.496,0.249,0.594
Lesotho,Male (Sex),0.873,NA,NA,0.919,0.932,0.927,0.913,0.914,0.846,0.815,0.638,0.084,0.363,0.711
Liberia,Male (Sex),NA,NA,NA,0.613,0.78,0.785,0.844,0.865,0.811,0.75,0.652,0.616,0.256,0.419
Liechtenstein,Male (Sex),0.699,NA,NA,0.814,0.921,0.943,0.943,0.943,0.926,0.86,0.507,0.163,0.706,0.443
Lithuania,Male (Sex),0.605,NA,NA,0.935,0.931,0.906,0.894,0.856,0.803,0.47,0.087,0.527,0.641,0.067
Luxembourg,Male (Sex),0.966,NA,NA,0.974,0.965,0.918,0.664,0.307,0.065,0.663,0.132,0.472,0.851,0.974
"Macau, China",Male (Sex),0.979,NA,NA,0.977,0.947,0.9,0.821,0.619,0.218,0.784,0.119,0.676,0.958,0.975
TFYR of Macedonia,Male (Sex),0.956,NA,NA,0.95,0.934,0.921,0.885,0.8,0.486,0.033,0.673,0.152,0.618,0.867
Madagascar,Male (Sex),0.964,NA,0.874,0.978,0.983,0.992,0.987,0.966,0.957,0.899,0.772,0.336,0.709,0.885
Malaysia,Male (Sex),0.227,NA,NA,0.738,0.961,0.977,0.98,0.975,0.971,0.935,0.789,0.571,NA,NA
Maldives,Male (Sex),NA,NA,NA,0.384,0.828,0.887,0.908,0.92,0.917,0.915,0.89,0.859,0.5,0.013
Mali,Male (Sex),0.741,NA,0.451,0.625,0.757,0.87,0.927,0.936,0.934,0.936,0.925,0.864,0.763,0.54
Malta,Male (Sex),0.791,NA,NA,0.974,0.968,0.943,0.941,0.884,0.811,0.326,0.078,NA,0.666,0.288
Marshall Islands,Male (Sex),NA,NA,NA,NA,NA,NA,NA,NA,NA,NA,NA,NA,NA,NA
Martinique,Male (Sex),0.794,NA,NA,0.846,0.843,0.849,0.859,0.828,0.586,0.253,0.026,0.538,0.087,0.573
Mauritania,Male (Sex),0.639,NA,0.213,0.497,0.747,0.844,0.866,0.887,0.847,0.854,0.787,0.697,0.746,NA
Mauritius,Male (Sex),0.585,NA,NA,0.228,0.729,0.921,0.96,0.958,0.947,0.949,0.922,0.84,0.757,0.044
Mexico,Male (Sex),0.693,NA,NA,0.786,0.187,0.438,0.781,0.93,0.953,0.962,0.951,0.942,0.914,0.853
Republic of Moldova,Male (Sex),0.445,NA,NA,0.316,0.521,0.562,0.585,0.551,0.589,0.619,0.599,0.401,0.092,NA
Monaco,Male (Sex),0.491,NA,NA,0.339,0.827,0.91,0.881,0.871,0.87,0.813,0.711,0.417,0.191,NA
Mongolia,Male (Sex),0.166,NA,0.621,0.871,0.893,0.89,0.881,0.872,0.775,0.621,0.293,0.127,0.407,0.681
Montenegro,Male (Sex),NA,NA,NA,0.906,0.928,0.935,0.839,0.714,0.581,0.192,0.031,0.581,0.176,0.594
Morocco,Male (Sex),0.718,NA,NA,0.924,0.961,0.963,0.965,0.953,0.891,0.798,0.511,0.722,0.024,0.314
Mozambique,Male (Sex),0.762,NA,NA,0.8,0.792,0.829,0.812,0.798,0.819,0.816,0.815,0.753,0.758,0.602
Namibia,Male (Sex),0.705,NA,NA,0.88,0.915,0.927,0.912,0.92,0.889,0.843,0.63,0.437,0.724,0.167
Nauru,Male (Sex),0.935,NA,NA,0.943,0.946,0.909,0.868,0.813,0.718,0.517,0.789,0.748,0.922,NA
Nepal,Male (Sex),0.862,NA,0.95,0.971,0.975,0.975,0.964,0.959,0.925,0.901,0.697,0.856,0.875,0.687
Netherlands,Male (Sex),0.901,NA,NA,0.941,0.935,0.923,0.925,0.913,0.865,0.633,0.113,0.711,0.599,0.783
Netherlands Antilles,Male (Sex),NA,NA,NA,0.86,0.9,0.927,0.913,0.9,0.9,0.761,0.366,0.622,0.132,0.653
New Caledonia,Male (Sex),NA,NA,NA,NA,NA,NA,NA,NA,NA,NA,NA,NA,NA,NA
New Zealand,Male (Sex),0.435,NA,NA,0.778,0.909,0.93,0.933,0.915,0.917,0.907,0.879,0.766,0.267,0.741
Nicaragua,Male (Sex),0.874,NA,0.712,0.165,0.498,0.799,0.915,0.956,0.955,0.953,0.939,0.909,0.903,0.753
Niger,Male (Sex),0.946,NA,NA,0.966,0.965,0.97,0.961,0.958,0.857,0.499,0.482,0.705,0.829,0.916
Niue,Male (Sex),0.87,NA,NA,0.817,0.983,0.893,0.821,0.884,0.682,0.538,0.535,0.338,0.946,0.889
Norfolk Island,Male (Sex),NA,NA,NA,NA,NA,NA,NA,NA,NA,NA,NA,NA,NA,NA
Northern Mariana Islands,Male (Sex),0.94,NA,NA,0.916,0.878,0.832,0.724,0.58,0.667,0.776,NA,0.257,0.705,0.931
Norway,Male (Sex),0.906,NA,NA,0.91,0.909,0.885,0.87,0.827,0.685,0.23,0.737,0.376,0.735,0.86
Oman,Male (Sex),0.928,NA,0.85,0.641,0,0.974,0.979,0.978,0.958,0.683,0.826,0.73,0.738,0.503
Pakistan,Male (Sex),0.689,NA,NA,0.145,0.512,0.824,0.957,0.98,0.987,0.982,0.975,0.964,0.926,0.731
Palau,Male (Sex),0.71,NA,NA,NA,NA,NA,NA,NA,NA,NA,NA,NA,NA,NA
Panama,Male (Sex),0.301,NA,NA,0.797,0.386,0.858,0.957,0.98,0.987,0.972,0.963,0.937,0.912,0.527
Papua New Guinea,Male (Sex),0.725,NA,0.676,0.467,0.242,0.478,0.699,0.801,0.842,0.86,0.857,0.855,0.821,0.796
Paraguay,Male (Sex),0.757,NA,NA,0.738,0.155,0.538,0.887,0.96,0.978,0.977,0.968,0.959,0.95,0.903
Peru,Male (Sex),0.91,NA,0.787,0.569,0.831,0.36,0.551,0.806,0.938,0.96,0.97,0.971,0.97,0.949
Philippines,Male (Sex),0.734,NA,NA,NA,0.785,0.388,0.774,0.923,0.952,0.961,0.957,0.95,0.917,0.861
Poland,Male (Sex),NA,NA,NA,0.644,0.079,0.639,0.919,0.941,0.937,0.917,0.865,0.805,0.702,0.393
Portugal,Male (Sex),0.651,NA,NA,0.589,0.876,0.933,0.931,0.913,0.925,0.884,0.756,0.489,0.205,0.548
Puerto Rico,Male (Sex),0.845,NA,NA,0.848,0.807,0.733,0.679,0.45,0.316,0.115,0.354,NA,0.16,0.592
Qatar,Male (Sex),0.996,NA,NA,0.998,0.996,0.996,0.991,0.971,0.969,0.874,0.418,0.962,0.299,0.936
Réunion,Male (Sex),0.724,NA,NA,NA,NA,NA,NA,NA,NA,NA,NA,NA,NA,NA
Romania,Male (Sex),0.242,NA,NA,0.824,0.891,0.909,0.907,0.896,0.826,0.684,0.375,0.638,0.131,0.531
Russian Federation,Male (Sex),0.103,NA,NA,0.664,0.947,0.951,0.947,0.941,0.925,0.88,0.774,0.388,0.143,0.747
Rwanda,Male (Sex),NA,NA,NA,0.355,0.676,0.876,0.924,0.929,0.925,0.918,0.903,0.875,0.805,NA
Saint Lucia,Male (Sex),0.755,NA,NA,0.397,0.891,0.918,0.936,0.911,0.699,0.36,0.75,0.398,0.87,0.921
Samoa,Male (Sex),0.527,NA,NA,0.511,0.536,0.536,0.444,0.341,0.317,0.168,0.399,0.162,0.421,0.488
San Marino,Male (Sex),NA,NA,NA,NA,NA,NA,NA,NA,NA,NA,NA,NA,NA,NA
Sao Tome and Principe,Male (Sex),NA,NA,NA,NA,NA,NA,NA,NA,NA,NA,NA,NA,NA,NA
Saudi Arabia,Male (Sex),0.928,NA,NA,0.984,0.987,0.988,0.972,0.894,0.799,0.594,0.342,0.783,0.041,0.493
Senegal,Male (Sex),0.772,NA,NA,0.88,0.904,0.901,0.889,0.864,0.814,0.583,0.336,0.681,0.437,0.621
Serbia,Male (Sex),0.528,NA,NA,0.926,0.913,0.89,NA,0.821,NA,0.674,NA,0.571,0.134,0.106
Seychelles,Male (Sex),0.683,NA,NA,0.313,0.807,0.856,0.848,0.828,0.852,0.843,0.822,0.633,0.478,0.085
Sierra Leone,Male (Sex),0.389,NA,NA,0.065,0.269,0.524,0.73,0.856,0.908,0.92,0.907,0.867,0.87,0.808
Singapore,Male (Sex),0.758,NA,NA,0.632,0.89,0.972,0.975,0.971,0.961,0.94,0.876,0.75,0.349,0.144
Slovakia,Male (Sex),0.624,NA,NA,0.93,0.967,0.957,0.942,0.925,0.886,0.819,0.328,0.681,0.074,0.204
Slovenia,Male (Sex),0.863,NA,NA,0.555,0.25,0.895,0.54,0.953,0.598,0.961,0.976,0.951,0.631,0.137
Solomon Islands,Male (Sex),NA,NA,NA,NA,NA,NA,NA,NA,NA,NA,NA,NA,NA,NA
South Africa,Male (Sex),0.865,NA,NA,0.761,0.668,0.344,NA,NA,0.634,0.06,0.502,0.77,0.84,NA
Spain,Male (Sex),0.888,NA,NA,0.448,0.024,NA,0.656,0.149,0.621,0.895,0.944,0.951,0.936,0.919
Sri Lanka,Male (Sex),0.905,NA,NA,0.81,0.649,0.755,0.008,0.213,0.738,0.94,0.962,0.96,0.765,0.944
"Sudan, The Republic of",Male (Sex),NA,NA,NA,NA,NA,NA,NA,0.44,NA,0.96,NA,0.86,NA,NA
Suriname,Male (Sex),NA,NA,NA,0.148,0.652,0.928,0.973,0.973,0.909,0.919,0.872,0.785,0.289,NA
Sweden,Male (Sex),0.293,NA,NA,0.745,0.89,0.941,0.962,0.959,0.945,0.918,0.895,0.737,0.188,0.743
Switzerland,Male (Sex),0.586,NA,NA,0.776,0.914,0.972,0.973,0.97,0.963,0.941,0.912,0.72,0.151,0.751
Syrian Arab Republic,Male (Sex),0.093,NA,NA,0.711,0.909,0.96,0.965,0.957,0.934,0.865,0.795,0.516,0.328,0.712
Tajikistan,Male (Sex),0.454,NA,NA,0.609,0.602,0.875,0.921,0.927,0.94,0.85,0.832,0.682,0.655,0.378
Tanzania (Tanganyika),Male (Sex),NA,NA,0.729,0.927,0.971,0.981,0.988,0.975,0.978,0.956,0.982,0.94,0.887,NA
"Tanzania, United Republic of",Male (Sex),0.626,NA,NA,0.786,0.709,0.908,NA,0.942,NA,0.938,NA,0.944,NA,0.825
Thailand,Male (Sex),0.964,NA,NA,0.948,0.902,0.805,0.087,0.309,0.775,0.938,0.95,0.958,0.964,NA
Timor-Leste,Male (Sex),0.864,NA,NA,0.778,0.769,0.632,0.385,0.56,0.083,0.31,0.69,0.833,0.879,0.862
Tonga,Male (Sex),NA,NA,NA,NA,NA,NA,NA,NA,NA,NA,NA,NA,NA,NA
Trinidad and Tobago,Male (Sex),0.935,NA,NA,0.926,0.9,0.809,0.383,0.1,0.714,0.217,0.816,0.935,0.959,0.963
Tunisia,Male (Sex),0.956,NA,NA,0.941,0.882,0.701,0.344,0.154,0.7,0.312,0.619,0.878,0.943,0.952
Turkey,Male (Sex),0.933,NA,0.873,0.695,0.537,0.401,0.205,0.36,0.709,0.347,0.715,0.91,0.944,0.944
Tuvalu,Male (Sex),NA,NA,NA,NA,NA,NA,NA,NA,NA,NA,NA,NA,NA,NA
Uganda,Male (Sex),NA,NA,0.984,0.982,0.971,0.971,0.946,0.939,0.389,0.597,0.212,0.471,0.836,0.974
Ukraine,Male (Sex),0.117,NA,NA,0.687,0.91,0.918,0.916,0.891,0.865,0.802,0.686,0.319,0.206,0.716
United Arab Emirates,Male (Sex),0.826,NA,NA,0.979,0.992,0.995,0.984,0.968,0.938,0.886,0.717,0.341,0.889,0.105
United Kingdom of Great Britain and Northern Ireland,Male (Sex),0.924,NA,NA,0.943,0.931,0.923,0.914,0.888,0.814,0.592,0.131,0.69,0.38,0.799
United States,Male (Sex),0.87,NA,NA,0.904,0.909,0.901,0.875,0.837,0.768,0.619,0.23,0.692,0.335,0.739
Uruguay,Male (Sex),NA,NA,NA,0.948,0.968,0.966,0.97,0.961,0.94,0.874,0.651,0.738,0.337,0.855
Uzbekistan,Male (Sex),NA,NA,NA,NA,NA,NA,NA,NA,NA,NA,NA,NA,NA,NA
Vanuatu,Male (Sex),NA,NA,NA,NA,NA,NA,NA,NA,NA,NA,NA,NA,NA,NA
Venezuela (Bolivarian Republic of),Male (Sex),0.782,NA,0.045,0.329,0.74,0.923,0.961,0.966,0.967,0.949,0.923,0.841,0.713,0.402
Viet Nam,Male (Sex),0.976,NA,NA,0.975,0.718,0.346,0.818,NA,NA,0.821,0.424,0.82,0.96,0.975
West Bank and Gaza Strip,Male (Sex),0.924,NA,NA,0.867,0.798,0.683,0.333,0.58,0.031,0.318,0.686,0.872,0.918,0.931
Yemen,Male (Sex),NA,NA,NA,NA,NA,NA,NA,NA,NA,NA,NA,NA,NA,NA
Zambia,Male (Sex),0.976,NA,NA,0.981,0.969,0.968,0.889,0.896,0.712,0.8,0.452,0.755,0.953,0.974
Zimbabwe,Male (Sex),0.8,NA,NA,0.575,0.768,0.327,0.792,0.926,0.946,0.952,0.95,0.94,0.901,0.874
Albania,Female (Sex),0.462,NA,NA,0.153,0.443,0.619,0.653,0.665,0.685,0.717,0.631,0.43,0.171,0.056
Algeria,Female (Sex),0.166,NA,NA,0.023,0.173,0.314,0.261,0.222,0.223,0.175,0.127,0.072,0.018,0.013
American Samoa,Female (Sex),0.412,NA,NA,NA,NA,NA,NA,NA,NA,NA,NA,NA,NA,NA
Andorra,Female (Sex),0.475,NA,NA,NA,NA,NA,NA,NA,NA,NA,NA,NA,NA,NA
Anguilla,Female (Sex),NA,NA,NA,0.487,0.42,0.801,0.866,0.865,0.865,0.852,0.769,0.724,0.535,NA
Antigua and Barbuda,Female (Sex),0.485,NA,NA,0.756,0.844,0.847,0.835,0.852,0.811,0.766,0.669,0.426,0.269,NA
Argentina,Female (Sex),0.094,NA,NA,0.469,0.007,0.161,0.498,0.642,0.666,0.677,0.669,0.677,0.634,0.538
Armenia,Female (Sex),0.758,NA,NA,0.723,0.541,0.548,0.544,0.338,0.559,0.134,0.464,0.798,0.605,0.796
Aruba,Female (Sex),0.133,NA,NA,0.812,0.838,0.843,0.852,0.796,0.781,0.564,NA,0.588,0.595,0.625
Australia,Female (Sex),0.586,NA,NA,0.559,0.754,0.763,0.724,0.729,0.774,0.789,0.77,0.653,0.451,0.08
Austria,Female (Sex),0.557,NA,NA,0.725,0.851,0.829,0.857,0.871,0.873,0.814,0.564,0.15,0.034,0.427
Azerbaijan,Female (Sex),0.127,NA,NA,0.506,0.678,0.776,0.78,0.962,0.952,0.894,0.558,0.323,0.033,0.614
Bahamas,Female (Sex),0.698,NA,NA,NA,NA,NA,NA,NA,NA,NA,NA,NA,NA,NA
Bahrain,Female (Sex),0.425,NA,NA,0.022,0.416,0.598,0.559,0.547,0.507,0.452,0.389,0.307,0.189,0.066
Bangladesh,Female (Sex),0.36,NA,NA,0.339,0.294,0.41,0.447,0.466,0.477,0.484,0.501,0.097,0.105,0.066
Barbados,Female (Sex),0.62,NA,NA,0.171,0.669,0.871,0.922,0.914,0.874,0.853,0.821,0.777,0.552,0.091
Belarus,Female (Sex),0.86,NA,NA,0.654,0.82,0.857,0.894,0.912,0.903,0.846,0.392,0.172,0.059,NA
Belgium,Female (Sex),0.061,NA,NA,0.48,0.805,0.819,0.834,0.823,0.798,0.713,0.551,0.187,0.014,0.478
Belize,Female (Sex),0.068,NA,NA,0.31,0.56,0.616,0.728,0.682,0.695,0.615,0.582,0.52,0.392,0.519
Benin,Female (Sex),0.302,NA,0.746,0.301,0.63,0.8,0.858,0.876,0.887,0.896,0.874,0.876,0.777,0.548
Bermuda,Female (Sex),0.173,NA,NA,0.467,0.707,0.865,0.858,0.786,0.888,0.813,0.775,0.593,NA,NA
Bhutan,Female (Sex),0.099,NA,NA,0.536,0.735,0.732,0.74,0.773,0.801,0.753,0.71,0.59,0.313,0.589
Bolivia,Female (Sex),0.426,NA,NA,0.222,0.377,0.557,0.7,0.749,0.779,0.756,0.762,0.798,0.399,0.574
Bosnia and Herzegovina,Female (Sex),NA,NA,NA,0.256,NA,0.259,NA,NA,NA,NA,NA,NA,NA,NA
Botswana,Female (Sex),0.639,NA,0.643,0.591,0.559,0.563,0.672,0.529,0.177,0.52,0.663,0.695,0.726,0.723
Brazil,Female (Sex),0.036,NA,0.406,0.337,0.653,0.716,0.728,0.733,0.717,0.674,0.592,0.466,0.313,0.501
Brunei Darussalam,Female (Sex),0.397,NA,NA,0.662,0.758,0.739,0.689,0.628,0.567,0.461,0.158,0.112,0.564,NA
Bulgaria,Female (Sex),0.443,NA,NA,0.392,0.678,0.766,0.836,0.853,0.849,0.825,0.715,0.049,0.277,0.486
Burkina Faso,Female (Sex),0.558,NA,NA,0.6,0.641,0.666,0.681,0.686,0.683,0.658,0.619,0.546,0.376,0.85
Cambodia,Female (Sex),0.573,NA,NA,0.794,0.851,0.877,0.691,0.677,0.352,0.471,0.057,0.801,0.812,0.818
Cameroon,Female (Sex),0.564,NA,0.642,0.335,0.496,0.57,0.76,0.836,0.867,0.859,0.882,0.883,0.822,0.775
Canada,Female (Sex),0.523,NA,NA,0.515,0.752,0.809,0.814,0.828,0.832,0.823,0.806,0.694,0.476,0.094
Cape Verde,Female (Sex),NA,NA,NA,NA,NA,NA,NA,NA,NA,NA,NA,NA,NA,NA
Cayman Islands,Female (Sex),0.198,NA,NA,0.892,0.916,0.947,0.942,0.91,0.947,0.802,0.792,0.225,NA,0.806
Chile,Female (Sex),0.498,NA,NA,0.465,0.669,0.72,0.684,0.666,0.675,0.61,0.573,0.376,0.483,0.155
Colombia,Female (Sex),0.726,NA,NA,0.696,0.623,0.491,0.5,0,0.037,0.283,0.614,0.718,0.74,0.741
Congo,Female (Sex),NA,NA,NA,0.658,NA,0.643,NA,0.649,0.466,0.43,0.263,0.486,0.585,0.64
Cook Islands,Female (Sex),0.654,NA,NA,0.836,0.823,0.771,0.727,0.7,0.631,0.523,0.294,0.081,NA,NA
Costa Rica,Female (Sex),0.154,NA,NA,0.532,0.651,0.676,0.63,0.608,0.601,0.53,0.428,0.261,0.452,0.011
Croatia,Female (Sex),0.446,NA,NA,0.106,0.388,0.752,0.843,0.823,0.779,0.76,0.664,0.46,0.198,0.027
Cuba,Female (Sex),0.109,NA,NA,0.595,0.63,0.637,0.653,0.582,0.557,0.281,0.11,0.021,NA,0.605
Cyprus,Female (Sex),0.641,NA,NA,0.883,0.863,0.844,0.803,0.81,0.687,0.567,0.274,0.039,0.571,0.06
Czech Republic,Female (Sex),0.7,NA,NA,0.67,0.814,0.905,0.945,0.901,0.703,0.193,0.038,0.509,0.048,0.421
Denmark,Female (Sex),0.772,NA,NA,0.844,0.862,0.878,0.869,0.851,0.793,0.399,0.037,0.586,0.547,0.698
Dominica,Female (Sex),NA,NA,NA,0.642,0.637,0.642,0.651,0.642,0.565,0.386,0.228,0.089,NA,0.169
Dominican Republic,Female (Sex),0.207,NA,0.571,0.698,0.717,0.721,0.688,0.641,0.576,0.425,0.314,0.12,0.445,0.008
Ecuador,Female (Sex),NA,NA,NA,0.154,0.459,0.587,0.594,0.624,0.649,0.608,0.608,0.549,0.421,0.038
Egypt,Female (Sex),0.232,NA,0.003,0.086,0.294,0.295,0.27,0.284,0.294,0.312,0.265,0.237,0.084,0.032
El Salvador,Female (Sex),0.493,NA,0.057,0.454,0.584,0.642,0.679,0.66,0.637,0.57,0.511,0.433,0.186,NA
Estonia,Female (Sex),0.101,NA,NA,0.725,0.741,0.824,0.897,0.931,0.86,0.803,0.523,0.094,0.08,0.554
Ethiopia,Female (Sex),0.861,NA,NA,0.871,0.878,0.843,0.837,0.766,0.722,0.585,0.746,0.612,0.692,0.818
Faeroe Islands,Female (Sex),NA,NA,NA,NA,NA,NA,NA,NA,NA,NA,NA,NA,NA,NA
Falkland Islands (Malvinas),Female (Sex),NA,NA,NA,0.92,1,1,1,0.99,0.98,1,1,0.97,1,0.91
Fiji,Female (Sex),NA,NA,NA,NA,NA,NA,NA,NA,NA,NA,NA,NA,NA,NA
Finland,Female (Sex),0.465,NA,NA,0.368,0.685,0.767,0.752,0.811,0.879,0.901,0.88,0.819,0.465,0.034
France,Female (Sex),0.12,NA,NA,0.813,0.822,0.846,0.855,0.86,0.813,0.687,0.231,0.017,0.393,0.518
French Guiana,Female (Sex),NA,NA,NA,NA,NA,NA,NA,NA,NA,NA,NA,NA,NA,NA
French Polynesia,Female (Sex),NA,NA,NA,0.672,0.661,0.651,0.623,0.607,0.481,0.341,0.133,0.043,NA,0.139
Gabon,Female (Sex),0.248,NA,NA,0.47,0.639,0.706,0.615,0.643,0.546,0.395,0.208,0.188,0.399,0.069
Georgia,Female (Sex),0.401,NA,NA,0.583,0.635,0.697,0.808,0.797,0.759,0.754,0.646,0.361,0.568,0.113
Germany,Female (Sex),0.675,NA,NA,0.791,0.803,0.807,0.847,0.855,0.823,0.748,0.454,0.036,0.546,0.269
Ghana,Female (Sex),0.457,NA,NA,0.288,0.835,0.82,0.909,0.922,0.915,0.883,0.833,0.847,0.456,0.696
Gibraltar,Female (Sex),0.575,NA,NA,NA,NA,NA,NA,NA,NA,NA,NA,NA,NA,NA
Greece,Female (Sex),0.014,NA,NA,0.438,0.065,0.455,0.816,0.815,0.785,0.765,0.721,0.57,0.405,0.208
Guadeloupe,Female (Sex),NA,NA,NA,NA,NA,NA,NA,NA,NA,NA,NA,NA,NA,NA
Guam,Female (Sex),NA,NA,NA,NA,NA,NA,NA,NA,NA,NA,NA,NA,NA,NA
Guatemala,Female (Sex),0.352,0.15,NA,0.012,0.083,0.239,0.45,0.504,0.463,0.526,0.512,0.485,0.429,0.377
Guinea,Female (Sex),0.327,NA,0.624,0.368,0.603,0.657,0.721,0.742,0.76,0.771,0.756,0.733,0.694,0.57
Guyana,Female (Sex),0.221,NA,NA,0.227,0.407,0.389,0.388,0.41,0.423,0.417,0.378,0.277,0.174,0.103
Haiti,Female (Sex),0.369,NA,NA,0.187,0.483,0.679,0.778,0.805,0.821,0.82,0.786,0.724,0.627,0.475
Honduras,Female (Sex),0.372,NA,0.541,0.587,0.603,0.559,0.516,0.471,0.394,0.236,NA,NA,NA,NA
"Hong Kong, China",Female (Sex),0.815,NA,NA,0.743,0.713,0.638,0.47,0.239,0.033,0.534,0.545,0.115,0.642,0.866
Hungary,Female (Sex),0.749,NA,NA,0.841,0.857,0.802,0.56,0.12,0.013,0.453,0.038,0.412,0.694,0.689
Iceland,Female (Sex),0.876,NA,NA,0.868,0.887,0.789,0.764,0.282,0.776,0.812,0.816,0.817,0.816,0.866
India,Female (Sex),0.424,NA,NA,0.421,0.411,0.375,0.333,0.262,0.258,0.025,0.143,0.265,0.332,0.378
Indonesia,Female (Sex),0.573,NA,NA,0.613,0.64,0.623,0.54,0.451,0.243,0.503,0.271,0.529,0.548,0.539
"Iran, Islamic Rep. of",Female (Sex),0.191,NA,0.188,0.149,0.112,0.089,0.071,0.032,0.124,0.015,0.063,0.178,0.24,0.223
Iraq,Female (Sex),NA,NA,NA,NA,NA,NA,NA,NA,NA,NA,NA,NA,NA,NA
Ireland,Female (Sex),0.738,NA,NA,0.669,0.577,0.351,0.049,0.374,0.163,0.53,0.164,0.621,0.772,0.771
Isle of Man,Female (Sex),NA,NA,NA,0.839,0.854,0.861,0.812,0.695,0.365,0.575,0.358,0.718,0.849,0.832
Israel,Female (Sex),0.792,NA,NA,0.778,0.774,0.733,0.672,0.507,0.112,NA,0.582,0.293,0.684,0.76
Italy,Female (Sex),0.706,NA,NA,0.663,0.617,0.498,0.187,0.015,NA,0.397,0.06,0.392,0.606,0.677
Jamaica,Female (Sex),0.557,NA,NA,0.166,NA,NA,NA,NA,NA,0.077,NA,0.73,NA,0.759
Japan,Female (Sex),0.474,NA,NA,0.138,0.489,0.156,0.703,0.79,0.701,0.696,0.731,0.761,0.749,0.665
Jersey,Female (Sex),NA,NA,NA,NA,NA,NA,NA,NA,NA,NA,NA,NA,NA,NA
Jordan,Female (Sex),0.321,NA,NA,0.351,0.303,0.132,0.005,0.176,0.241,0.12,0.015,0.002,0.207,0.063
Kazakhstan,Female (Sex),0.599,NA,NA,0.894,0.914,0.922,0.936,0.924,0.907,0.731,0.188,0.029,0.667,0.121
Kiribati,Female (Sex),0.252,NA,NA,NA,NA,NA,NA,NA,NA,NA,NA,NA,NA,NA
Republic of Korea,Female (Sex),0.68,NA,NA,0.502,0.087,0.522,0.234,0.718,0.49,0.584,0.401,0.555,0.51,0.639
Kosovo,Female (Sex),0.237,NA,NA,0.221,0.219,0.21,0.16,0.104,0.042,NA,NA,0.225,NA,NA
Kuwait,Female (Sex),0.444,NA,NA,0.631,0.182,0.078,0.023,NA,NA,0.595,0.621,0.024,0.406,0.646
Kyrgyzstan,Female (Sex),NA,NA,NA,0.702,0.646,0.425,0.209,0.492,0.214,0.485,0.576,0.598,0.69,0.707
Lao People's Democratic Republic,Female (Sex),NA,NA,NA,NA,NA,NA,NA,NA,NA,NA,NA,NA,NA,NA
Latvia,Female (Sex),0.848,NA,NA,0.878,0.88,0.844,0.804,0.398,0.061,0.54,0.087,0.552,0.796,0.839
Lebanon,Female (Sex),0.243,NA,NA,0.22,0.172,0.14,0.111,0.032,NA,0.162,0.058,0.298,0.426,0.358
Lesotho,Female (Sex),0.758,NA,NA,0.753,0.764,0.751,0.652,0.638,0.488,0.016,0.232,0.538,0.743,0.77
Liberia,Female (Sex),NA,NA,NA,0.744,0.753,0.742,0.692,0.645,0.583,0.566,0.237,0.436,0.639,0.688
Liechtenstein,Female (Sex),0.759,NA,NA,0.735,0.731,0.763,0.741,0.64,0.331,0.062,0.535,0.326,0.607,0.752
Lithuania,Female (Sex),0.891,NA,NA,0.916,0.901,0.85,0.744,0.363,0.036,0.448,0.529,0.034,0.473,0.857
Luxembourg,Female (Sex),0.78,NA,NA,0.714,0.469,0.185,0.017,0.525,0.094,0.346,0.812,0.864,0.848,0.806
"Macau, China",Female (Sex),0.814,NA,NA,0.727,0.523,0.358,0.069,0.675,0.135,0.708,0.889,0.892,0.888,0.866
TFYR of Macedonia,Female (Sex),0.659,NA,NA,0.65,0.586,0.489,0.184,0.019,0.445,0.101,0.42,0.672,0.722,0.663
Madagascar,Female (Sex),0.945,NA,0.93,0.954,0.926,0.918,0.88,0.75,0.725,0.267,0.676,0.849,0.906,0.933
Malaysia,Female (Sex),0.702,NA,NA,0.684,0.659,0.635,0.6,0.535,0.388,0.253,NA,0.524,0.132,NA
Maldives,Female (Sex),NA,NA,NA,0.617,0.608,0.598,0.593,0.606,0.581,0.56,0.36,0.013,0.32,0.638
Mali,Female (Sex),0.475,NA,0.46,0.52,0.526,0.58,0.53,0.569,0.625,0.528,0.446,0.249,0.468,0.302
Malta,Female (Sex),0.691,NA,NA,0.57,0.518,0.41,0.303,0.091,0.012,NA,0.398,0.231,0.716,0.808
Marshall Islands,Female (Sex),NA,NA,NA,NA,NA,NA,NA,NA,NA,NA,NA,NA,NA,NA
Martinique,Female (Sex),0.744,NA,NA,0.822,0.785,0.675,0.542,0.239,0.029,0.526,0.042,0.453,0.752,0.773
Mauritania,Female (Sex),0.222,NA,0.327,0.358,0.396,0.393,0.437,0.309,0.358,0.203,0.344,0.288,0.125,NA
Mauritius,Female (Sex),0.212,NA,NA,0.672,0.611,0.62,0.639,0.554,0.429,0.376,0.443,0.01,0.156,0.551
Mexico,Female (Sex),0.071,NA,NA,0.222,0.461,0.56,0.571,0.573,0.576,0.555,0.504,0.427,0.318,0.442
Republic of Moldova,Female (Sex),0.06,NA,NA,0.484,0.619,0.658,0.636,0.613,0.429,0.194,0.056,NA,0.386,NA
Monaco,Female (Sex),0.303,NA,NA,0.652,0.644,0.624,0.578,0.495,0.392,0.181,0.059,0.307,0.017,NA
Mongolia,Female (Sex),0.698,NA,0.724,0.797,0.823,0.811,0.677,0.375,0.202,0.069,0.404,0.563,0.107,0.451
Montenegro,Female (Sex),NA,NA,NA,0.755,0.649,0.631,0.255,0.152,0.059,0.426,0.082,0.447,0.61,0.681
Morocco,Female (Sex),0.291,NA,NA,0.314,0.305,0.316,0.312,0.279,0.192,0.262,0.019,0.116,0.237,0.305
Mozambique,Female (Sex),0.899,NA,NA,0.921,0.907,0.905,0.869,0.817,0.811,0.689,0.832,0.686,0.835,0.886
Namibia,Female (Sex),0.867,NA,NA,0.857,0.839,0.818,0.749,0.682,0.5,0.31,0.696,0.18,0.655,0.857
Nauru,Female (Sex),0.787,NA,NA,0.785,0.717,0.6,0.541,0.2,0.493,0.613,0.751,0.782,0.733,NA
Nepal,Female (Sex),0.88,NA,0.909,0.897,0.888,0.86,0.814,0.74,0.446,0.775,0.801,0.733,0.777,0.844
Netherlands,Female (Sex),0.843,NA,NA,0.829,0.818,0.777,0.669,0.379,0.033,0.594,0.62,0.789,0.86,0.843
Netherlands Antilles,Female (Sex),NA,NA,NA,0.835,0.823,0.834,0.76,0.654,0.269,0.545,0.108,0.483,0.721,0.883
New Caledonia,Female (Sex),NA,NA,NA,NA,NA,NA,NA,NA,NA,NA,NA,NA,NA,NA
New Zealand,Female (Sex),0.747,NA,NA,0.736,0.745,0.802,0.824,0.845,0.792,0.653,0.152,0.629,0.436,0.704
Nicaragua,Female (Sex),0.198,NA,0.224,0.441,0.525,0.622,0.596,0.6,0.596,0.502,0.45,0.648,0.06,0.489
Niger,Female (Sex),0.469,NA,NA,0.482,0.441,0.322,0.416,0.238,0.265,0.332,0.369,0.406,0.431,0.447
Niue,Female (Sex),0.961,NA,NA,0.912,0.932,0.821,0.796,0.416,0.529,0.256,0.863,0.922,0.98,0.941
Norfolk Island,Female (Sex),NA,NA,NA,NA,NA,NA,NA,NA,NA,NA,NA,NA,NA,NA
Northern Mariana Islands,Female (Sex),0.707,NA,NA,0.731,0.595,0.641,0.355,0.666,NA,0.345,0.906,0.91,0.875,0.843
Norway,Female (Sex),0.859,NA,NA,0.852,0.828,0.762,0.589,0.14,0.683,0.441,0.715,0.804,0.831,0.861
Oman,Female (Sex),0.043,NA,0.053,0.123,0.375,0.28,0.227,0.271,0.06,0.151,0.091,0.04,0,0.153
Pakistan,Female (Sex),0.182,NA,NA,0.244,0.251,0.271,0.285,0.29,0.293,0.289,0.266,0.194,0.215,0.08
Palau,Female (Sex),NA,NA,NA,NA,NA,NA,NA,NA,NA,NA,NA,NA,NA,NA
Panama,Female (Sex),0.494,NA,NA,0.528,0.642,0.677,0.657,0.664,0.648,0.554,0.413,0.186,0.087,NA
Papua New Guinea,Female (Sex),0.26,NA,NA,0.519,0.706,0.765,0.787,0.801,0.808,0.81,0.779,0.744,0.661,0.463
Paraguay,Female (Sex),0.519,NA,0.078,0.334,0.641,0.728,0.758,0.747,0.725,0.702,0.663,0.527,0.449,0.262
Peru,Female (Sex),0.404,NA,NA,0.286,0.462,0.643,0.736,0.774,0.784,0.791,0.778,0.736,0.652,0.578
Philippines,Female (Sex),NA,NA,NA,0.236,0.513,0.545,0.551,0.596,0.632,0.655,0.639,0.599,0.496,0.287
Poland,Female (Sex),0.482,NA,NA,0.47,0.765,0.777,0.818,0.839,0.824,0.734,0.507,0.144,0.03,0.11
Portugal,Female (Sex),0.55,NA,NA,0.915,0.893,0.873,0.822,0.767,0.591,0.34,0.083,0.42,0.541,0.114
Puerto Rico,Female (Sex),0.588,NA,NA,0.497,0.37,0.235,0.132,0.042,0.257,NA,0.094,0.388,0.612,0.573
Qatar,Female (Sex),0.625,NA,NA,0.579,0.544,0.389,0.265,0.116,0,0.531,0.053,0.503,0.684,0.663
Réunion,Female (Sex),NA,NA,NA,NA,NA,NA,NA,NA,NA,NA,NA,NA,NA,NA
Romania,Female (Sex),0.645,NA,NA,0.746,0.759,0.744,0.641,0.436,0.225,0.47,0.093,0.383,0.688,0.723
Russian Federation,Female (Sex),0.799,NA,NA,0.834,0.885,0.907,0.905,0.837,0.536,0.256,0.096,0.63,0.076,0.536
Rwanda,Female (Sex),NA,NA,NA,0.824,0.856,0.866,0.869,0.864,0.844,0.811,0.736,0.717,0.362,NA
Saint Lucia,Female (Sex),0.342,NA,NA,0.838,0.831,0.711,0.372,0.214,0.61,0.225,0.702,0.734,0.719,0.634
Samoa,Female (Sex),0.289,NA,NA,0.314,0.302,0.24,0.164,0.089,0.244,0.065,0.296,0.351,0.314,0.328
San Marino,Female (Sex),NA,NA,NA,NA,NA,NA,NA,NA,NA,NA,NA,NA,NA,NA
Sao Tome and Principe,Female (Sex),NA,NA,NA,NA,NA,NA,NA,NA,NA,NA,NA,NA,NA,NA
Saudi Arabia,Female (Sex),0.309,NA,NA,0.267,0.154,0.094,0.054,0.016,0.006,0.201,0.013,0.17,0.333,0.351
Senegal,Female (Sex),0.58,NA,NA,0.625,0.635,0.582,0.507,0.411,0.19,0.443,0.27,0.362,0.482,0.532
Serbia,Female (Sex),0.744,NA,NA,0.75,0.67,0.415,NA,0.152,NA,0.404,0.08,0.361,0.665,NA
Seychelles,Female (Sex),0.769,NA,NA,0.814,0.814,0.861,0.839,0.83,0.758,0.592,0.38,0.619,NA,0.257
Sierra Leone,Female (Sex),0.387,NA,NA,0.609,0.773,0.8,0.822,0.806,0.859,0.741,0.722,0.537,0.411,0.067
Singapore,Female (Sex),0.102,NA,NA,0.837,0.794,0.754,0.731,0.665,0.591,0.442,0.148,0.135,0.67,0.581
Slovakia,Female (Sex),0.69,NA,NA,0.815,0.901,0.893,0.857,0.657,0.123,0.51,0.048,0.391,0.71,0.913
Slovenia,Female (Sex),0.105,NA,NA,0.907,0.429,0.915,0.466,0.927,0.95,0.905,0.516,0.107,0.469,0.817
Solomon Islands,Female (Sex),NA,NA,NA,NA,NA,NA,NA,NA,NA,NA,NA,NA,NA,NA
South Africa,Female (Sex),0.578,NA,NA,0.207,NA,NA,0.504,0.055,0.424,0.633,0.669,0.696,0.696,NA
Spain,Female (Sex),0.311,NA,NA,NA,0.534,0.116,0.573,0.846,0.871,0.855,0.824,0.79,0.716,0.578
Sri Lanka,Female (Sex),0.224,NA,NA,0.356,0.005,0.134,0.408,0.405,0.454,0.429,0.343,0.453,0.418,0.366
"Sudan, The Republic of",Female (Sex),NA,NA,NA,NA,NA,0.17,NA,0.29,NA,0.21,NA,NA,NA,NA
Suriname,Female (Sex),NA,NA,NA,0.578,0.683,0.695,0.631,0.604,0.562,0.513,0.095,0.49,0.04,NA
Sweden,Female (Sex),0.82,NA,NA,0.863,0.909,0.91,0.9,0.881,0.824,0.644,0.11,0.687,0.373,0.7
Switzerland,Female (Sex),0.858,NA,NA,0.835,0.83,0.839,0.86,0.847,0.783,0.516,0.075,0.619,0.533,0.785
Syrian Arab Republic,Female (Sex),0.177,NA,NA,0.194,0.185,0.176,0.146,0.11,0.076,0.037,0.024,0.148,0.059,0.058
Tajikistan,Female (Sex),0.416,NA,NA,0.522,0.625,0.668,0.713,0.622,0.616,0.301,0.294,0.327,0.55,NA
Tanzania (Tanganyika),Female (Sex),NA,NA,0.934,0.954,0.95,0.955,0.947,0.933,0.894,0.809,0.696,NA,0.47,0.739
"Tanzania, United Republic of",Female (Sex),0.786,NA,NA,0.866,NA,0.871,NA,0.89,NA,0.909,NA,0.74,0.54,0.673
Thailand,Female (Sex),0.696,NA,NA,0.633,0.071,0.142,0.564,0.795,0.817,0.845,0.855,0.824,0.759,NA
Timor-Leste,Female (Sex),0.5,NA,NA,0.25,0.13,0.27,0.052,0.18,0.273,0.37,0.355,0.407,0.5,0.389
Tonga,Female (Sex),NA,NA,NA,NA,NA,NA,NA,NA,NA,NA,NA,NA,NA,NA
Trinidad and Tobago,Female (Sex),0.587,NA,NA,0.529,0.229,0.045,0.514,0.15,0.629,0.731,0.716,0.77,0.746,0.673
Tunisia,Female (Sex),0.166,NA,NA,0.115,0.048,0.019,0.256,0.131,0.314,0.477,0.405,0.325,0.294,0.235
Turkey,Female (Sex),0.267,NA,0.206,0.162,0.062,0.18,0.303,0.163,0.382,0.406,0.407,0.419,0.414,0.349
Tuvalu,Female (Sex),NA,NA,NA,NA,NA,NA,NA,NA,NA,NA,NA,NA,NA,NA
Uganda,Female (Sex),NA,NA,0.971,0.935,0.922,0.871,0.374,0.464,0.177,0.523,0.856,0.906,0.945,0.943
Ukraine,Female (Sex),0.702,NA,NA,0.759,0.817,0.85,0.829,0.771,0.433,0.251,0.164,0.589,0.112,0.51
United Arab Emirates,Female (Sex),0.556,NA,NA,0.479,0.395,0.312,0.206,0.176,0.041,0.049,0.421,0.058,0.471,0.598
United Kingdom of Great Britain and Northern Ireland,Female (Sex),0.788,NA,NA,0.806,0.824,0.805,0.709,0.389,0.071,0.569,0.383,0.722,0.77,0.779
United States,Female (Sex),0.736,NA,NA,0.746,0.749,0.728,0.664,0.502,0.151,0.57,0.345,0.677,0.741,0.735
Uruguay,Female (Sex),NA,NA,NA,0.814,0.81,0.775,0.742,0.642,0.425,0.544,0.204,0.677,0.787,0.803
Uzbekistan,Female (Sex),NA,NA,NA,NA,NA,NA,NA,NA,NA,NA,NA,NA,NA,NA
Vanuatu,Female (Sex),NA,NA,NA,NA,NA,NA,NA,NA,NA,NA,NA,NA,NA,NA
Venezuela (Bolivarian Republic of),Female (Sex),0.141,NA,0.428,0.638,0.698,0.728,0.722,0.687,0.61,0.47,0.317,0.141,0.506,0.023
Viet Nam,Female (Sex),0.9,NA,NA,0.858,0.714,NA,NA,0.732,0.353,0.755,0.9,0.914,0.921,0.918
West Bank and Gaza Strip,Female (Sex),0.177,NA,NA,0.136,0.074,0.144,0.002,0.01,0.176,0.31,0.267,0.248,0.236,0.214
Yemen,Female (Sex),NA,NA,NA,NA,NA,NA,NA,NA,NA,NA,NA,NA,NA,NA
Zambia,Female (Sex),0.841,NA,NA,0.843,0.778,0.743,0.522,0.695,0.444,0.698,0.762,0.805,0.832,0.861
Zimbabwe,Female (Sex),0.581,NA,NA,0.317,0.573,0.641,0.682,0.715,0.735,0.728,0.701,0.68,0.626,0.395
